csv_row,ttmpc_id,personal_data_sheet_id,status
2,TTMPC-272,PDS-TTMPC-272,updated
3,TTMPC-002,PDS-TTMPC-002,updated
4,TTMPC-003,PDS-TTMPC-003,updated
5,TTMPC-004,PDS-TTMPC-004,updated
6,TTMPC-005,PDS-TTMPC-005,updated
7,TTMPC-006,PDS-TTMPC-006,updated
8,TTMPC-007,PDS-TTMPC-007,updated
9,TTMPC-008,PDS-TTMPC-008,updated
10,TTMPC-009,PDS-TTMPC-009,updated
11,TTMPC-273,PDS-TTMPC-273,updated
12,TTMPC-011,PDS-TTMPC-011,updated
13,TTMPC-012,PDS-TTMPC-012,updated
14,TTMPC-013,PDS-TTMPC-013,updated
15,TTMPC-014,PDS-TTMPC-014,updated
16,TTMPC-015,PDS-TTMPC-015,updated
17,TTMPC-016,PDS-TTMPC-016,updated
18,TTMPC-017,PDS-TTMPC-017,updated
19,TTMPC-018,PDS-TTMPC-018,updated
20,TTMPC-019,PDS-TTMPC-019,updated
21,TTMPC-020,PDS-TTMPC-020,updated
22,TTMPC-021,PDS-TTMPC-021,updated
23,TTMPC-022,PDS-TTMPC-022,updated
24,TTMPC-023,PDS-TTMPC-023,updated
25,TTMPC-024,PDS-TTMPC-024,updated
26,TTMPC-274,PDS-TTMPC-274,updated
27,TTMPC-284,PDS-TTMPC-284,updated
28,TTMPC-027,PDS-TTMPC-027,updated
29,TTMPC-028,PDS-TTMPC-028,updated
30,TTMPC-275,PDS-TTMPC-275,updated
31,TTMPC-030,PDS-TTMPC-030,updated
32,TTMPC-031,PDS-TTMPC-031,updated
33,TTMPC-276,PDS-TTMPC-276,updated
34,TTMPC-033,PDS-TTMPC-033,updated
35,TTMPC-034,PDS-TTMPC-034,updated
36,TTMPC-035,PDS-TTMPC-035,updated
37,TTMPC-036,PDS-TTMPC-036,updated
38,TTMPC-037,PDS-TTMPC-037,updated
39,TTMPC-038,PDS-TTMPC-038,updated
40,TTMPC-039,PDS-TTMPC-039,updated
41,TTMPC-040,PDS-TTMPC-040,updated
42,TTMPC-041,PDS-TTMPC-041,updated
43,TTMPC-042,PDS-TTMPC-042,updated
44,TTMPC-043,PDS-TTMPC-043,updated
45,TTMPC-277,PDS-TTMPC-277,updated
46,TTMPC-045,PDS-TTMPC-045,updated
47,TTMPC-046,PDS-TTMPC-046,updated
48,TTMPC-047,PDS-TTMPC-047,updated
49,TTMPC-048,PDS-TTMPC-048,updated
50,TTMPC-049,PDS-TTMPC-049,updated
51,TTMPC-050,PDS-TTMPC-050,updated
52,TTMPC-051,PDS-TTMPC-051,updated
53,TTMPC-052,PDS-TTMPC-052,updated
54,TTMPC-053,PDS-TTMPC-053,updated
55,TTMPC-054,PDS-TTMPC-054,updated
56,TTMPC-055,PDS-TTMPC-055,updated
57,TTMPC-056,PDS-TTMPC-056,updated
58,TTMPC-057,PDS-TTMPC-057,updated
59,TTMPC-058,PDS-TTMPC-058,updated
60,TTMPC-059,PDS-TTMPC-059,updated
61,TTMPC-060,PDS-TTMPC-060,updated
62,TTMPC-061,PDS-TTMPC-061,updated
63,TTMPC-285,PDS-TTMPC-285,updated
64,TTMPC-063,PDS-TTMPC-063,updated
65,TTMPC-064,PDS-TTMPC-064,updated
66,TTMPC-065,PDS-TTMPC-065,updated
67,TTMPC-278,PDS-TTMPC-278,updated
68,TTMPC-067,PDS-TTMPC-067,updated
69,TTMPC-068,PDS-TTMPC-068,updated
70,TTMPC-069,PDS-TTMPC-069,updated
71,TTMPC-070,PDS-TTMPC-070,updated
72,TTMPC-071,PDS-TTMPC-071,updated
73,TTMPC-072,PDS-TTMPC-072,updated
74,TTMPC-073,PDS-TTMPC-073,updated
75,TTMPC-074,PDS-TTMPC-074,updated
76,TTMPC-075,PDS-TTMPC-075,updated
77,TTMPC-076,PDS-TTMPC-076,updated
78,TTMPC-286,PDS-TTMPC-286,updated
79,TTMPC-078,PDS-TTMPC-078,updated
80,TTMPC-079,PDS-TTMPC-079,updated
81,TTMPC-080,PDS-TTMPC-080,updated
82,TTMPC-287,PDS-TTMPC-287,updated
83,TTMPC-082,PDS-TTMPC-082,updated
84,TTMPC-083,PDS-TTMPC-083,updated
85,TTMPC-084,PDS-TTMPC-084,updated
86,TTMPC-085,PDS-TTMPC-085,updated
87,TTMPC-279,PDS-TTMPC-279,updated
88,TTMPC-087,PDS-TTMPC-087,updated
89,TTMPC-280,PDS-TTMPC-280,updated
90,TTMPC-089,PDS-TTMPC-089,updated
91,TTMPC-090,PDS-TTMPC-090,updated
92,TTMPC-091,PDS-TTMPC-091,updated
93,TTMPC-092,PDS-TTMPC-092,updated
94,TTMPC-093,PDS-TTMPC-093,updated
95,TTMPC-288,PDS-TTMPC-288,updated
96,TTMPC-293,PDS-TTMPC-293,updated
97,TTMPC-096,PDS-TTMPC-096,updated
98,TTMPC-097,PDS-TTMPC-097,updated
99,TTMPC-098,PDS-TTMPC-098,updated
100,TTMPC-099,PDS-TTMPC-099,updated
101,TTMPC-100,PDS-TTMPC-100,updated
102,TTMPC-101,PDS-TTMPC-101,updated
103,TTMPC-102,PDS-TTMPC-102,updated
104,TTMPC-289,PDS-TTMPC-289,updated
105,TTMPC-104,PDS-TTMPC-104,updated
106,TTMPC-105,PDS-TTMPC-105,updated
107,TTMPC-106,PDS-TTMPC-106,updated
108,TTMPC-107,PDS-TTMPC-107,updated
109,TTMPC-108,PDS-TTMPC-108,updated
110,TTMPC-290,PDS-TTMPC-290,updated
111,TTMPC-110,PDS-TTMPC-110,updated
112,TTMPC-111,PDS-TTMPC-111,updated
113,TTMPC-112,PDS-TTMPC-112,updated
114,TTMPC-113,PDS-TTMPC-113,updated
115,TTMPC-114,PDS-TTMPC-114,updated
116,TTMPC-115,PDS-TTMPC-115,updated
117,TTMPC-116,PDS-TTMPC-116,updated
118,TTMPC-117,PDS-TTMPC-117,updated
119,TTMPC-118,PDS-TTMPC-118,updated
120,TTMPC-119,PDS-TTMPC-119,updated
121,TTMPC-120,PDS-TTMPC-120,updated
122,TTMPC-121,PDS-TTMPC-121,updated
123,TTMPC-122,PDS-TTMPC-122,updated
124,TTMPC-123,PDS-TTMPC-123,updated
125,TTMPC-124,PDS-TTMPC-124,updated
126,TTMPC-125,PDS-TTMPC-125,updated
127,TTMPC-126,PDS-TTMPC-126,updated
128,TTMPC-127,PDS-TTMPC-127,updated
129,TTMPC-128,PDS-TTMPC-128,updated
130,TTMPC-129,PDS-TTMPC-129,updated
131,TTMPC-130,PDS-TTMPC-130,updated
132,TTMPC-131,PDS-TTMPC-131,updated
133,TTMPC-132,PDS-TTMPC-132,updated
134,TTMPC-133,PDS-TTMPC-133,updated
135,TTMPC-134,PDS-TTMPC-134,updated
136,TTMPC-135,PDS-TTMPC-135,updated
137,TTMPC-136,PDS-TTMPC-136,updated
138,TTMPC-137,PDS-TTMPC-137,updated
139,TTMPC-138,PDS-TTMPC-138,updated
140,TTMPC-139,PDS-TTMPC-139,updated
141,TTMPC-140,PDS-TTMPC-140,updated
142,TTMPC-141,PDS-TTMPC-141,updated
143,TTMPC-142,PDS-TTMPC-142,updated
144,TTMPC-143,PDS-TTMPC-143,updated
145,TTMPC-144,PDS-TTMPC-144,updated
146,TTMPC-145,PDS-TTMPC-145,updated
147,TTMPC-146,PDS-TTMPC-146,updated
148,TTMPC-147,PDS-TTMPC-147,updated
149,TTMPC-148,PDS-TTMPC-148,updated
150,TTMPC-149,PDS-TTMPC-149,updated
151,TTMPC-150,PDS-TTMPC-150,updated
152,TTMPC-151,PDS-TTMPC-151,updated
153,TTMPC-152,PDS-TTMPC-152,updated
154,TTMPC-153,PDS-TTMPC-153,updated
155,TTMPC-154,PDS-TTMPC-154,updated
156,TTMPC-281,PDS-TTMPC-281,updated
157,TTMPC-156,PDS-TTMPC-156,updated
158,TTMPC-157,PDS-TTMPC-157,updated
159,TTMPC-158,PDS-TTMPC-158,updated
160,TTMPC-159,PDS-TTMPC-159,updated
161,TTMPC-160,PDS-TTMPC-160,updated
162,TTMPC-161,PDS-TTMPC-161,updated
163,TTMPC-162,PDS-TTMPC-162,updated
164,TTMPC-163,PDS-TTMPC-163,updated
165,TTMPC-164,PDS-TTMPC-164,updated
166,TTMPC-165,PDS-TTMPC-165,updated
167,TTMPC-166,PDS-TTMPC-166,updated
168,TTMPC-167,PDS-TTMPC-167,updated
169,TTMPC-168,PDS-TTMPC-168,updated
170,TTMPC-169,PDS-TTMPC-169,updated
171,TTMPC-170,PDS-TTMPC-170,updated
172,TTMPC-171,PDS-TTMPC-171,updated
173,TTMPC-172,PDS-TTMPC-172,updated
174,TTMPC-173,PDS-TTMPC-173,updated
175,TTMPC-174,PDS-TTMPC-174,updated
176,TTMPC-175,PDS-TTMPC-175,updated
177,TTMPC-176,PDS-TTMPC-176,updated
178,TTMPC-177,PDS-TTMPC-177,updated
179,TTMPC-178,PDS-TTMPC-178,updated
180,TTMPC-179,PDS-TTMPC-179,updated
181,TTMPC-282,PDS-TTMPC-282,updated
182,TTMPC-181,PDS-TTMPC-181,updated
183,TTMPC-182,PDS-TTMPC-182,updated
184,TTMPC-183,PDS-TTMPC-183,updated
185,TTMPC-184,PDS-TTMPC-184,updated
186,TTMPC-185,PDS-TTMPC-185,updated
187,TTMPC-186,PDS-TTMPC-186,updated
188,TTMPC-187,PDS-TTMPC-187,updated
189,TTMPC-188,PDS-TTMPC-188,updated
190,TTMPC-189,PDS-TTMPC-189,updated
191,TTMPC-190,PDS-TTMPC-190,updated
192,TTMPC-191,PDS-TTMPC-191,updated
193,TTMPC-192,PDS-TTMPC-192,updated
194,TTMPC-193,PDS-TTMPC-193,updated
195,TTMPC-194,PDS-TTMPC-194,updated
196,TTMPC-195,PDS-TTMPC-195,updated
197,TTMPC-196,PDS-TTMPC-196,updated
198,TTMPC-197,PDS-TTMPC-197,updated
199,TTMPC-291,PDS-TTMPC-291,updated
200,TTMPC-199,PDS-TTMPC-199,updated
201,TTMPC-200,PDS-TTMPC-200,updated
202,TTMPC-201,PDS-TTMPC-201,updated
203,TTMPC-202,PDS-TTMPC-202,updated
204,TTMPC-203,PDS-TTMPC-203,updated
205,TTMPC-204,PDS-TTMPC-204,updated
206,TTMPC-205,PDS-TTMPC-205,updated
207,TTMPC-206,PDS-TTMPC-206,updated
208,TTMPC-207,PDS-TTMPC-207,updated
209,TTMPC-208,PDS-TTMPC-208,updated
210,TTMPC-209,PDS-TTMPC-209,updated
211,TTMPC-210,PDS-TTMPC-210,updated
212,TTMPC-211,PDS-TTMPC-211,updated
213,TTMPC-212,PDS-TTMPC-212,updated
214,TTMPC-213,PDS-TTMPC-213,updated
215,TTMPC-214,PDS-TTMPC-214,updated
216,TTMPC-215,PDS-TTMPC-215,updated
217,TTMPC-216,PDS-TTMPC-216,updated
218,TTMPC-217,PDS-TTMPC-217,updated
219,TTMPC-218,PDS-TTMPC-218,updated
220,TTMPC-219,PDS-TTMPC-219,updated
221,TTMPC-220,PDS-TTMPC-220,updated
222,TTMPC-221,PDS-TTMPC-221,updated
223,TTMPC-222,PDS-TTMPC-222,updated
224,TTMPC-223,PDS-TTMPC-223,updated
225,TTMPC-224,PDS-TTMPC-224,updated
226,TTMPC-225,PDS-TTMPC-225,updated
227,TTMPC-226,PDS-TTMPC-226,updated
228,TTMPC-227,PDS-TTMPC-227,updated
229,TTMPC-228,PDS-TTMPC-228,updated
230,TTMPC-229,PDS-TTMPC-229,updated
231,TTMPC-230,PDS-TTMPC-230,updated
232,TTMPC-231,PDS-TTMPC-231,updated
233,TTMPC-292,PDS-TTMPC-292,updated
234,TTMPC-233,PDS-TTMPC-233,updated
235,TTMPC-234,PDS-TTMPC-234,updated
236,TTMPC-283,PDS-TTMPC-283,updated
237,TTMPC-236,PDS-TTMPC-236,updated
238,TTMPC-237,PDS-TTMPC-237,updated
239,TTMPC-238,PDS-TTMPC-238,updated
240,TTMPC-239,PDS-TTMPC-239,updated
241,TTMPC-240,PDS-TTMPC-240,updated
242,TTMPC-241,PDS-TTMPC-241,updated
243,TTMPC-242,PDS-TTMPC-242,updated
244,TTMPC-243,PDS-TTMPC-243,updated
245,TTMPC-244,PDS-TTMPC-244,updated
246,TTMPC-245,PDS-TTMPC-245,updated
247,TTMPC-246,PDS-TTMPC-246,updated
248,TTMPC-247,PDS-TTMPC-247,updated
249,TTMPC-248,PDS-TTMPC-248,updated
250,TTMPC-249,PDS-TTMPC-249,updated
251,TTMPC-250,PDS-TTMPC-250,updated
252,TTMPC-251,PDS-TTMPC-251,updated
253,TTMPC-252,PDS-TTMPC-252,updated
254,TTMPC-253,PDS-TTMPC-253,updated
255,TTMPC-254,PDS-TTMPC-254,updated
256,TTMPC-255,PDS-TTMPC-255,updated
257,TTMPC-256,PDS-TTMPC-256,updated
258,TTMPC-257,PDS-TTMPC-257,updated
259,TTMPC-258,PDS-TTMPC-258,updated
260,TTMPC-259,PDS-TTMPC-259,updated
261,TTMPC-260,PDS-TTMPC-260,updated
262,TTMPC-261,PDS-TTMPC-261,updated
263,TTMPC-262,PDS-TTMPC-262,updated
264,TTMPC-263,PDS-TTMPC-263,updated
265,TTMPC-264,PDS-TTMPC-264,updated
